<?xml version="1.0" encoding="utf-8"?>
<report-database>
 <description>SKY130 DRC runset</description>
 <original-file/>
 <generator>drc: script='tech-files/sky130A_mr.drc'</generator>
 <top-cell>tt_um_tatzeltapeout</top-cell>
 <tags>
 </tags>
 <categories>
  <category>
   <name>dnwell.1</name>
   <description>dnwell.1: min. dnwell width : 3.0um</description>
   <categories>
   </categories>
  </category>
  <category>
   <name>dnwell.2</name>
   <description>dnwell.2 : min. dnwell spacing : 6.3um</description>
   <categories>
   </categories>
  </category>
  <category>
   <name>nwell.1</name>
   <description>nwell.1 : min. nwell width : 0.84um</description>
   <categories>
   </categories>
  </category>
  <category>
   <name>nwell.2a</name>
   <description>nwell.2a : min. nwell spacing (merged if less) : 1.27um</description>
   <categories>
   </categories>
  </category>
  <category>
   <name>nwell.6</name>
   <description>nwell.6 : min enclosure of nwellHole by dnwell : 1.03um</description>
   <categories>
   </categories>
  </category>
  <category>
   <name>nwell.9</name>
   <description>nwell.9 : HVnwell must be enclosed by hv marker</description>
   <categories>
   </categories>
  </category>
  <category>
   <name>hvtp.1</name>
   <description>hvtp.1 : min. hvtp width : 0.38um</description>
   <categories>
   </categories>
  </category>
  <category>
   <name>hvtp.2</name>
   <description>hvtp.2 : min. hvtp spacing : 0.38um</description>
   <categories>
   </categories>
  </category>
  <category>
   <name>pwde.1</name>
   <description>pwde.1 : min. pwde width : 0.84um</description>
   <categories>
   </categories>
  </category>
  <category>
   <name>pwde.2</name>
   <description>pwde.2 : min. pwde inside v20 spacing : 1.27um</description>
   <categories>
   </categories>
  </category>
  <category>
   <name>hvtr.1</name>
   <description>hvtr.1 : min. hvtr width : 0.38um</description>
   <categories>
   </categories>
  </category>
  <category>
   <name>hvtr.2</name>
   <description>hvtr.2 : min. hvtr spacing : 0.38um</description>
   <categories>
   </categories>
  </category>
  <category>
   <name>hvtr.2_a</name>
   <description>hvtr.2_a : hvtr must not overlap hvtp</description>
   <categories>
   </categories>
  </category>
  <category>
   <name>lvtn.1a</name>
   <description>lvtn.1a : min. lvtn width : 0.38um</description>
   <categories>
   </categories>
  </category>
  <category>
   <name>lvtn.2</name>
   <description>lvtn.2 : min. lvtn spacing : 0.38um</description>
   <categories>
   </categories>
  </category>
  <category>
   <name>MR_lvtn.OVL.2</name>
   <description>MR_lvtn.OVL.2 : lvtn must not straddle nwell</description>
   <categories>
   </categories>
  </category>
  <category>
   <name>ncm.1</name>
   <description>ncm.1 : min. ncm width : 0.38um</description>
   <categories>
   </categories>
  </category>
  <category>
   <name>ncm.2a</name>
   <description>ncm.2a : min. ncm spacing : 0.38um</description>
   <categories>
   </categories>
  </category>
  <category>
   <name>difftap.1</name>
   <description>difftap.1 : min. diff width across areaid:ce : 0.15um</description>
   <categories>
   </categories>
  </category>
  <category>
   <name>difftap.1_a</name>
   <description>difftap.1_a : min. diff width in periphery : 0.15um</description>
   <categories>
   </categories>
  </category>
  <category>
   <name>difftap.2</name>
   <description>difftap.2 : min. diff width inside areadid:ce : 0.14um</description>
   <categories>
   </categories>
  </category>
  <category>
   <name>difftap.1_b</name>
   <description>difftap.1_b : min. tap width across areaid:ce : 0.15um</description>
   <categories>
   </categories>
  </category>
  <category>
   <name>difftap.1_c</name>
   <description>difftap.1_c : min. tap width in periphery : 0.15um</description>
   <categories>
   </categories>
  </category>
  <category>
   <name>difftap.3</name>
   <description>difftap.3 : min. difftap spacing : 0.27um</description>
   <categories>
   </categories>
  </category>
  <category>
   <name>tunm.1</name>
   <description>tunm.1 : min. tunm width : 0.41um</description>
   <categories>
   </categories>
  </category>
  <category>
   <name>tunm.2</name>
   <description>tunm.2 : min. tunm spacing : 0.5um</description>
   <categories>
   </categories>
  </category>
  <category>
   <name>MR_tunm.CON.1</name>
   <description>MR_tunm.CON.1 : use of layer tunm is prohibited</description>
   <categories>
   </categories>
  </category>
  <category>
   <name>thkox.1</name>
   <description>thkox.1 : min. thkox width inside periphery : 0.6um</description>
   <categories>
   </categories>
  </category>
  <category>
   <name>thkox.2</name>
   <description>thkox.2 : min. thkox spacing inside periphery : 0.7um</description>
   <categories>
   </categories>
  </category>
  <category>
   <name>MR_thkox.CON.1</name>
   <description>MR_thkox.CON.1 : thkox must not straddle diff</description>
   <categories>
   </categories>
  </category>
  <category>
   <name>poly.1a</name>
   <description>poly.1a : min. poly width : 0.15um</description>
   <categories>
   </categories>
  </category>
  <category>
   <name>poly.2</name>
   <description>poly.2 : min. poly spacing : 0.21um</description>
   <categories>
   </categories>
  </category>
  <category>
   <name>poly.3</name>
   <description>poly.3 : min. poly spacing inside areaid:core : 0.16um</description>
   <categories>
   </categories>
  </category>
  <category>
   <name>ldntm.1</name>
   <description>ldntm.1 : min. ldntm width inside areaid:core : 0.7um</description>
   <categories>
   </categories>
  </category>
  <category>
   <name>ldntm.2</name>
   <description>ldntm.2 : min. ldntm spacing inside areaid:core : 0.7um</description>
   <categories>
   </categories>
  </category>
  <category>
   <name>rpm.1a</name>
   <description>rpm.1a : min. rpm width : 1.27um</description>
   <categories>
   </categories>
  </category>
  <category>
   <name>rpm.2</name>
   <description>rpm.2 : min. rpm spacing : 0.84um</description>
   <categories>
   </categories>
  </category>
  <category>
   <name>rdl.1</name>
   <description>rdl.1 : min. rdl width : 10um</description>
   <categories>
   </categories>
  </category>
  <category>
   <name>rdl.2</name>
   <description>rdl.2 : min. rdl spacing : 10um</description>
   <categories>
   </categories>
  </category>
  <category>
   <name>MR_rdl.CON.1</name>
   <description>MR_rdl.CON.1 : use of rdl layer is prohibited</description>
   <categories>
   </categories>
  </category>
  <category>
   <name>urpm.1a</name>
   <description>urpm.1a : min. rpm width : 1.27um</description>
   <categories>
   </categories>
  </category>
  <category>
   <name>urpm.2</name>
   <description>urpm.2 : min. rpm spacing : 0.84um</description>
   <categories>
   </categories>
  </category>
  <category>
   <name>npc.1</name>
   <description>npc.1 : min. npc width : 0.27um</description>
   <categories>
   </categories>
  </category>
  <category>
   <name>npc.2</name>
   <description>npc.2 : min. npc spacing, should be manually merged if less than : 0.27um</description>
   <categories>
   </categories>
  </category>
  <category>
   <name>nsdm.1</name>
   <description>nsdm.1 : min. nsdm spacing in periphery : 0.38um</description>
   <categories>
   </categories>
  </category>
  <category>
   <name>nsdm.2</name>
   <description>nsdm.2 : min. nsdm width in periphery : 0.38um</description>
   <categories>
   </categories>
  </category>
  <category>
   <name>nsdm.3</name>
   <description>nsdm.3 : min. diff width across areaid:ce : 0.38um</description>
   <categories>
   </categories>
  </category>
  <category>
   <name>nsdm.4</name>
   <description>nsdm.4 : min. spacing across areaid:ce : 0.38um</description>
   <categories>
   </categories>
  </category>
  <category>
   <name>nsdm.5</name>
   <description>nsdm.5 : min. nsdm width in areaid:ce : 0.29um</description>
   <categories>
   </categories>
  </category>
  <category>
   <name>nsdm.6</name>
   <description>nsdm.6 : min. nsdm spacing in areaid:ce : 0.29um</description>
   <categories>
   </categories>
  </category>
  <category>
   <name>nsdm.6a</name>
   <description>nsdm.6a : min. nsdm spacing on parallel edges in areaid:ce : 0.38um</description>
   <categories>
   </categories>
  </category>
  <category>
   <name>psdm.1</name>
   <description>psdm.1 : min. psdm spacing in periphery : 0.38um</description>
   <categories>
   </categories>
  </category>
  <category>
   <name>psdm.2</name>
   <description>psdm.2 : min. psdm width in periphery : 0.38um</description>
   <categories>
   </categories>
  </category>
  <category>
   <name>psdm.3</name>
   <description>psdm.3 : min. diff width across areaid:ce : 0.38um</description>
   <categories>
   </categories>
  </category>
  <category>
   <name>psdm.4</name>
   <description>psdm.4 : min. spacing across areaid:ce : 0.38um</description>
   <categories>
   </categories>
  </category>
  <category>
   <name>psdm.5</name>
   <description>psdm.5 : min. psdm width in areaid:ce : 0.29um</description>
   <categories>
   </categories>
  </category>
  <category>
   <name>psdm.6</name>
   <description>psdm.6 : min. psdm spacing in areaid:ce : 0.29um</description>
   <categories>
   </categories>
  </category>
  <category>
   <name>psdm.6a</name>
   <description>psdm.6a : min. psdm spacing on parallel edges in areaid:ce : 0.38um</description>
   <categories>
   </categories>
  </category>
  <category>
   <name>nsdm_psdm_overlap</name>
   <description>nsdm_psdm_overlap : nsdm overlaps psdm over active</description>
   <categories>
   </categories>
  </category>
  <category>
   <name>licon.1_c</name>
   <description>licon.1_c : licon should be rectangle</description>
   <categories>
   </categories>
  </category>
  <category>
   <name>MR_licon.SP.1</name>
   <description>MR_licon.SP.1: min. licon spacing in periphery : 0.17um</description>
   <categories>
   </categories>
  </category>
  <category>
   <name>licon.1</name>
   <description>licon.1: min/max. licon length : 0.17um</description>
   <categories>
   </categories>
  </category>
  <category>
   <name>licon.13</name>
   <description>licon.13:  min. licon on diff spacing to npc in periphery : 0.09um</description>
   <categories>
   </categories>
  </category>
  <category>
   <name>licon.13_a</name>
   <description>licon.13_a:  licon on diff in periphery can't overlap npc</description>
   <categories>
   </categories>
  </category>
  <category>
   <name>licon.17</name>
   <description>licon.17 : Licons may not overlap both poly and (diff or tap)</description>
   <categories>
   </categories>
  </category>
  <category>
   <name>licon.6</name>
   <description>licon.6 : npc min enclosure of poly_licon inside areaid:core : 0.045um</description>
   <categories>
   </categories>
  </category>
  <category>
   <name>licon.6</name>
   <description>licon.6 : npc min enclosure of poly_licon inside areaid:core : 0.045um</description>
   <categories>
   </categories>
  </category>
  <category>
   <name>nsm.1</name>
   <description>nsm.1 : nsm min. spacing : 4.0um</description>
   <categories>
   </categories>
  </category>
  <category>
   <name>nsm.2</name>
   <description>nsm.2 : nsm min. width : 3.0um</description>
   <categories>
   </categories>
  </category>
  <category>
   <name>capm.1</name>
   <description>capm.1 : min. capm width : 1.0um</description>
   <categories>
   </categories>
  </category>
  <category>
   <name>capm.2a</name>
   <description>capm.2a : min. capm spacing : 0.84um</description>
   <categories>
   </categories>
  </category>
  <category>
   <name>capm.2b</name>
   <description>capm.2b : min. spacing between met3_bot_plate : 1.2um</description>
   <categories>
   </categories>
  </category>
  <category>
   <name>capm.2b_a</name>
   <description>capm.2b_a : min. spacing between met3_bot_plate and met3 : 1.2um</description>
   <categories>
   </categories>
  </category>
  <category>
   <name>capm.3</name>
   <description>capm.3 : min. m3 enclosure of capm : 0.14um</description>
   <categories>
   </categories>
  </category>
  <category>
   <name>capm.4</name>
   <description>capm.4 : min. capm enclosure of via3 : 0.14um</description>
   <categories>
   </categories>
  </category>
  <category>
   <name>capm.5</name>
   <description>capm.5 : min. capm spacing to via3 : 0.14um</description>
   <categories>
   </categories>
  </category>
  <category>
   <name>capm.11</name>
   <description>capm.11 : Min spacing of capm and met3 not overlapping capm : 0.5um</description>
   <categories>
   </categories>
  </category>
  <category>
   <name>cap2m.1</name>
   <description>cap2m.1 : min. cap2m width : 1.0um</description>
   <categories>
   </categories>
  </category>
  <category>
   <name>cap2m.2a</name>
   <description>cap2m.2a : min. cap2m spacing : 0.84um</description>
   <categories>
   </categories>
  </category>
  <category>
   <name>cap2m.2b</name>
   <description>cap2m.2b : min. cap2m spacing : 1.2um</description>
   <categories>
   </categories>
  </category>
  <category>
   <name>cap2m.2b_a</name>
   <description>cap2m.2b_a : min. spacing of m4_bot_plate : 1.2um</description>
   <categories>
   </categories>
  </category>
  <category>
   <name>cap2m.3</name>
   <description>cap2m.3 : min. m4 enclosure of cap2m : 0.14um</description>
   <categories>
   </categories>
  </category>
  <category>
   <name>cap2m.3_a</name>
   <description>cap2m.3_a : min. m4 enclosure of cap2m : 0.14um</description>
   <categories>
   </categories>
  </category>
  <category>
   <name>cap2m.4</name>
   <description>cap2m.4 : min. cap2m enclosure of via4 : 0.2um</description>
   <categories>
   </categories>
  </category>
  <category>
   <name>cap2m.5</name>
   <description>cap2m.5 : min. cap2m spacing to via4 : 0.2um</description>
   <categories>
   </categories>
  </category>
  <category>
   <name>cap2m.11</name>
   <description>cap2m.11 : Min spacing of cap2m and met4 not overlapping cap2m : 0.5um</description>
   <categories>
   </categories>
  </category>
  <category>
   <name>hvi.1</name>
   <description>hvi.1 : min. hvi width : 0.6um</description>
   <categories>
   </categories>
  </category>
  <category>
   <name>hvi.2a</name>
   <description>hvi.2a : min. hvi spacing : 0.7um</description>
   <categories>
   </categories>
  </category>
  <category>
   <name>hvntm.1</name>
   <description>hvntm.1 : min. hvntm width : 0.7um</description>
   <categories>
   </categories>
  </category>
  <category>
   <name>hvntm.2</name>
   <description>hvntm.2 : min. hvntm spacing : 0.7um</description>
   <categories>
   </categories>
  </category>
 </categories>
 <cells>
  <cell>
   <name>tt_um_tatzeltapeout</name>
   <variant/>
   <references>
   </references>
  </cell>
 </cells>
 <items>
 </items>
</report-database>
